{
    "holistic_features": {
        "map_name": "OpenDriveMap",
        "duration": 34.580000000000005,
        "total_distance": 275.4821434139966,
        "mean_speed": 7.965603196386849,
        "max_speed": 8.406950558964613,
        "max_acceleration": 20.786385961272725,
        "max_deceleration": 1.6373002717817258,
        "mean_abs_jerk": 0.0,
        "max_jerk": 0.0,
        "mean_abs_curvature": 0.027744760934823812,
        "max_curvature": 10.0,
        "num_other_vehicles": 10,
        "traffic_density": 0.00047530042541884594,
        "collision_occurred": 0,
        "traffic_presence": 1,
        "stop_events_count": 0,
        "accel_events_count": 1,
        "decel_events_count": 1,
        "turn_events_count": 293
    },
    "action_sequence": [
        "ST",
        "AC",
        "CR",
        "DC",
        "CR"
    ]
}