{
    "holistic_features": {
        "map_name": "OpenDriveMap",
        "duration": 9.700000000000001,
        "total_distance": 70.24594685918986,
        "mean_speed": 7.239939214033065,
        "max_speed": 8.412934262297899,
        "max_acceleration": 7.984027833097258,
        "max_deceleration": 1.6584803176614287,
        "mean_abs_jerk": 0.0,
        "max_jerk": 0.0,
        "mean_abs_curvature": 0.059008135336453944,
        "max_curvature": 10.0,
        "num_other_vehicles": 5,
        "traffic_density": 0.0038037439819211126,
        "collision_occurred": 0,
        "traffic_presence": 1,
        "stop_events_count": 0,
        "accel_events_count": 1,
        "decel_events_count": 1,
        "turn_events_count": 45
    },
    "action_sequence": [
        "ST",
        "AC",
        "CR",
        "DC",
        "CR",
        "RT",
        "CR"
    ]
}