{
  "metadata": {
    "evaluation_date": "2025-10-06T20:12:12.196742",
    "ground_truth_file": "multi_dimensional_ground_truth.json",
    "num_scenarios": 169,
    "ground_truth_similarity_rate": 0.22337278106508876
  },
  "results": {
    "Phase2_jaccard": {
      "f1_score": 0.6318832599118943,
      "accuracy": 0.8116370808678501,
      "precision": 0.5607134131443928,
      "recall": 0.7237464522232734,
      "threshold": 0.7000000000000001
    },
    "Phase2_dice": {
      "f1_score": 0.5917464996315401,
      "accuracy": 0.7658495350803043,
      "precision": 0.48461074230537116,
      "recall": 0.759697256385998,
      "threshold": 0.8
    },
    "Phase2_overlap": {
      "f1_score": 0.5273521102645321,
      "accuracy": 0.6110876303183995,
      "precision": 0.3619271445358402,
      "recall": 0.9713024282560706,
      "threshold": 0.8
    },
    "Phase2_cosine_sets": {
      "f1_score": 0.5917464996315401,
      "accuracy": 0.7658495350803043,
      "precision": 0.48461074230537116,
      "recall": 0.759697256385998,
      "threshold": 0.8
    },
    "Phase3_edit_distance": {
      "f1_score": 0.6680697534576068,
      "accuracy": 0.8444632290786137,
      "precision": 0.638322321172077,
      "recall": 0.7007253232418795,
      "threshold": 0.5
    },
    "Phase3_lcs": {
      "f1_score": 0.6705957719410633,
      "accuracy": 0.8188926458157227,
      "precision": 0.5647388864911523,
      "recall": 0.8252917060864081,
      "threshold": 0.5
    },
    "Phase3_dtw": {
      "f1_score": 0.6445228074166762,
      "accuracy": 0.7798675683291068,
      "precision": 0.5040925266903915,
      "recall": 0.8934090192368338,
      "threshold": 0.5
    },
    "Phase3_ngram_jaccard": {
      "f1_score": 0.5559950276867442,
      "accuracy": 0.7232318963088193,
      "precision": 0.43325114476928495,
      "recall": 0.7757805108798487,
      "threshold": 0.2
    },
    "Phase3_global_alignment": {
      "f1_score": 0.4736258865248227,
      "accuracy": 0.6653987038602424,
      "precision": 0.36511190842303093,
      "recall": 0.673919899085462,
      "threshold": 0.2
    }
  },
  "ranking": [
    [
      "Phase3_lcs",
      {
        "f1_score": 0.6705957719410633,
        "accuracy": 0.8188926458157227,
        "precision": 0.5647388864911523,
        "recall": 0.8252917060864081,
        "threshold": 0.5
      }
    ],
    [
      "Phase3_edit_distance",
      {
        "f1_score": 0.6680697534576068,
        "accuracy": 0.8444632290786137,
        "precision": 0.638322321172077,
        "recall": 0.7007253232418795,
        "threshold": 0.5
      }
    ],
    [
      "Phase3_dtw",
      {
        "f1_score": 0.6445228074166762,
        "accuracy": 0.7798675683291068,
        "precision": 0.5040925266903915,
        "recall": 0.8934090192368338,
        "threshold": 0.5
      }
    ],
    [
      "Phase2_jaccard",
      {
        "f1_score": 0.6318832599118943,
        "accuracy": 0.8116370808678501,
        "precision": 0.5607134131443928,
        "recall": 0.7237464522232734,
        "threshold": 0.7000000000000001
      }
    ],
    [
      "Phase2_dice",
      {
        "f1_score": 0.5917464996315401,
        "accuracy": 0.7658495350803043,
        "precision": 0.48461074230537116,
        "recall": 0.759697256385998,
        "threshold": 0.8
      }
    ],
    [
      "Phase2_cosine_sets",
      {
        "f1_score": 0.5917464996315401,
        "accuracy": 0.7658495350803043,
        "precision": 0.48461074230537116,
        "recall": 0.759697256385998,
        "threshold": 0.8
      }
    ],
    [
      "Phase3_ngram_jaccard",
      {
        "f1_score": 0.5559950276867442,
        "accuracy": 0.7232318963088193,
        "precision": 0.43325114476928495,
        "recall": 0.7757805108798487,
        "threshold": 0.2
      }
    ],
    [
      "Phase2_overlap",
      {
        "f1_score": 0.5273521102645321,
        "accuracy": 0.6110876303183995,
        "precision": 0.3619271445358402,
        "recall": 0.9713024282560706,
        "threshold": 0.8
      }
    ],
    [
      "Phase3_global_alignment",
      {
        "f1_score": 0.4736258865248227,
        "accuracy": 0.6653987038602424,
        "precision": 0.36511190842303093,
        "recall": 0.673919899085462,
        "threshold": 0.2
      }
    ]
  ]
}