{
  "timestamp": "20250916_132850",
  "method": "Phase 3: Sequence-Based Similarity Analysis",
  "dataset_size": 169,
  "total_pairs": 14196,
  "ground_truth_similarity_rate": 0.2965624119470273,
  "sequence_statistics": {
    "avg_length": 21.82248520710059,
    "length_range": [
      3,
      75
    ],
    "unique_actions": 10,
    "action_distribution": {
      "CRUISE_FAST": 1073,
      "BRAKE": 906,
      "STEER_LEFT": 395,
      "ACCELERATE": 289,
      "STEER_RIGHT": 259,
      "TURN_LEFT": 250,
      "STOP": 220,
      "CRUISE": 116,
      "TURN_RIGHT": 107,
      "IDLE": 73
    }
  },
  "metric_performance": {
    "edit_distance": {
      "best_threshold": 0.4,
      "best_f1": 0.5866045142296369,
      "best_accuracy": 0.7626091856861088,
      "best_precision": 0.606544901065449,
      "best_recall": 0.5679334916864608,
      "all_thresholds": {
        "0.1": {
          "precision": 0.33365147538375883,
          "recall": 0.996437054631829,
          "f1": 0.49991062384555796,
          "accuracy": 0.40877712031558183,
          "tp": 4195,
          "fp": 8378,
          "tn": 1608,
          "fn": 15
        },
        "0.2": {
          "precision": 0.36761389264772215,
          "recall": 0.7743467933491687,
          "f1": 0.4985471784676556,
          "accuracy": 0.5380388841927304,
          "tp": 3260,
          "fp": 5608,
          "tn": 4378,
          "fn": 950
        },
        "0.3": {
          "precision": 0.461361014994233,
          "recall": 0.665083135391924,
          "f1": 0.5448000778285825,
          "accuracy": 0.670400112707805,
          "tp": 2800,
          "fp": 3269,
          "tn": 6717,
          "fn": 1410
        },
        "0.4": {
          "precision": 0.606544901065449,
          "recall": 0.5679334916864608,
          "f1": 0.5866045142296369,
          "accuracy": 0.7626091856861088,
          "tp": 2391,
          "fp": 1551,
          "tn": 8435,
          "fn": 1819
        },
        "0.5": {
          "precision": 0.7235628105039035,
          "recall": 0.48432304038004753,
          "f1": 0.5802504268639728,
          "accuracy": 0.7921949845026768,
          "tp": 2039,
          "fp": 779,
          "tn": 9207,
          "fn": 2171
        },
        "0.6": {
          "precision": 0.8363930885529157,
          "recall": 0.36793349168646083,
          "f1": 0.511052457934675,
          "accuracy": 0.7912087912087912,
          "tp": 1549,
          "fp": 303,
          "tn": 9683,
          "fn": 2661
        },
        "0.7": {
          "precision": 0.898,
          "recall": 0.21330166270783849,
          "f1": 0.344721689059501,
          "accuracy": 0.7595097210481826,
          "tp": 898,
          "fp": 102,
          "tn": 9884,
          "fn": 3312
        },
        "0.8": {
          "precision": 0.8938053097345132,
          "recall": 0.09596199524940617,
          "f1": 0.1733161733161733,
          "accuracy": 0.7285150746689208,
          "tp": 404,
          "fp": 48,
          "tn": 9938,
          "fn": 3806
        },
        "0.9": {
          "precision": 0.9736842105263158,
          "recall": 0.026365795724465558,
          "f1": 0.0513413506012951,
          "accuracy": 0.7110453648915187,
          "tp": 111,
          "fp": 3,
          "tn": 9983,
          "fn": 4099
        }
      }
    },
    "lcs_similarity": {
      "best_threshold": 0.5,
      "best_f1": 0.5892381459776239,
      "best_accuracy": 0.7827557058326289,
      "best_precision": 0.6707095209217707,
      "best_recall": 0.52541567695962,
      "all_thresholds": {
        "0.1": {
          "precision": 0.32541218360554225,
          "recall": 0.9985748218527316,
          "f1": 0.4908634479537627,
          "accuracy": 0.3856720202874049,
          "tp": 4204,
          "fp": 8715,
          "tn": 1271,
          "fn": 6
        },
        "0.2": {
          "precision": 0.35668789808917195,
          "recall": 0.8247030878859858,
          "f1": 0.497991967871486,
          "accuracy": 0.5069033530571992,
          "tp": 3472,
          "fp": 6262,
          "tn": 3724,
          "fn": 738
        },
        "0.3": {
          "precision": 0.4292217327459618,
          "recall": 0.6942992874109264,
          "f1": 0.5304900181488204,
          "accuracy": 0.6355311355311355,
          "tp": 2923,
          "fp": 3887,
          "tn": 6099,
          "fn": 1287
        },
        "0.4": {
          "precision": 0.558169375534645,
          "recall": 0.6199524940617577,
          "f1": 0.5874409182984469,
          "accuracy": 0.7417582417582418,
          "tp": 2610,
          "fp": 2066,
          "tn": 7920,
          "fn": 1600
        },
        "0.5": {
          "precision": 0.6707095209217707,
          "recall": 0.52541567695962,
          "f1": 0.5892381459776239,
          "accuracy": 0.7827557058326289,
          "tp": 2212,
          "fp": 1086,
          "tn": 8900,
          "fn": 1998
        },
        "0.6": {
          "precision": 0.8081730769230769,
          "recall": 0.39928741092636577,
          "f1": 0.5344992050874403,
          "accuracy": 0.7937447168216399,
          "tp": 1681,
          "fp": 399,
          "tn": 9587,
          "fn": 2529
        },
        "0.7": {
          "precision": 0.8741666666666666,
          "recall": 0.2491686460807601,
          "f1": 0.3878003696857671,
          "accuracy": 0.7666948436179205,
          "tp": 1049,
          "fp": 151,
          "tn": 9835,
          "fn": 3161
        },
        "0.8": {
          "precision": 0.8842281879194631,
          "recall": 0.12517814726840856,
          "f1": 0.21930919683728675,
          "accuracy": 0.7357001972386588,
          "tp": 527,
          "fp": 69,
          "tn": 9917,
          "fn": 3683
        },
        "0.9": {
          "precision": 0.9609375,
          "recall": 0.029216152019002375,
          "f1": 0.056708160442600276,
          "accuracy": 0.7117497886728656,
          "tp": 123,
          "fp": 5,
          "tn": 9981,
          "fn": 4087
        }
      }
    },
    "dtw_similarity": {
      "best_threshold": 0.5,
      "best_f1": 0.6303219106957424,
      "best_accuracy": 0.6990701606086221,
      "best_precision": 0.4957800163354206,
      "best_recall": 0.8650831353919239,
      "all_thresholds": {
        "0.1": {
          "precision": 0.2990621003268438,
          "recall": 0.9997624703087886,
          "f1": 0.46040253773791295,
          "accuracy": 0.3050154973231896,
          "tp": 4209,
          "fp": 9865,
          "tn": 121,
          "fn": 1
        },
        "0.2": {
          "precision": 0.3044421936043988,
          "recall": 0.9995249406175772,
          "f1": 0.4667258207630878,
          "accuracy": 0.3226260918568611,
          "tp": 4208,
          "fp": 9614,
          "tn": 372,
          "fn": 2
        },
        "0.3": {
          "precision": 0.3266003729024239,
          "recall": 0.9985748218527316,
          "f1": 0.4922140264606018,
          "accuracy": 0.3889828120597351,
          "tp": 4204,
          "fp": 8668,
          "tn": 1318,
          "fn": 6
        },
        "0.4": {
          "precision": 0.37050424724380987,
          "recall": 0.9738717339667459,
          "f1": 0.5367897355328619,
          "accuracy": 0.501549732318963,
          "tp": 4100,
          "fp": 6966,
          "tn": 3020,
          "fn": 110
        },
        "0.5": {
          "precision": 0.4957800163354206,
          "recall": 0.8650831353919239,
          "f1": 0.6303219106957424,
          "accuracy": 0.6990701606086221,
          "tp": 3642,
          "fp": 3704,
          "tn": 6282,
          "fn": 568
        },
        "0.6": {
          "precision": 0.61368843069874,
          "recall": 0.5090261282660332,
          "f1": 0.556478836665801,
          "accuracy": 0.7593688362919132,
          "tp": 2143,
          "fp": 1349,
          "tn": 8637,
          "fn": 2067
        },